{"cameraMode":{"drawMode":0,"name":"Shaded","section":"Shading Mode"},"sceneLighting":false,"audioPlay":false,"sceneViewState":{"showFog":true,"showMaterialUpdate":true,"showSkybox":false,"showFlares":true,"showImageEffects":true,"showParticleSystems":true},"in2DMode":false,"pivot":{"x":-3.0,"y":3.679999828338623,"z":37.790000915527347},"rotation":{"x":0.08660084754228592,"y":0.8866333961486816,"z":-0.1851050704717636,"w":0.4148983955383301},"size":16.664188385009767,"orthographic":false}