{"cameraMode":{"drawMode":0,"name":"Shaded","section":"Shading Mode"},"sceneLighting":false,"audioPlay":false,"sceneViewState":{"showFog":true,"showMaterialUpdate":true,"showSkybox":false,"showFlares":true,"showImageEffects":true,"showParticleSystems":true},"in2DMode":false,"pivot":{"x":0.7320952415466309,"y":15.723736763000489,"z":1.5566511154174805},"rotation":{"x":0.1384669840335846,"y":0.6964048147201538,"z":-0.13971848785877229,"w":0.6901646256446838},"size":60.79523468017578,"orthographic":false}