{"cameraMode":{"drawMode":0,"name":"Shaded","section":"Shading Mode"},"sceneLighting":false,"audioPlay":false,"sceneViewState":{"showFog":true,"showMaterialUpdate":true,"showSkybox":true,"showFlares":true,"showImageEffects":true,"showParticleSystems":true},"in2DMode":false,"pivot":{"x":-5.221160888671875,"y":2.4446020126342775,"z":21.539600372314454},"rotation":{"x":0.07296234369277954,"y":0.11285010725259781,"z":-0.008309366181492806,"w":0.9908957481384277},"size":16.974830627441408,"orthographic":false}