{"cameraMode":{"drawMode":0,"name":"Shaded","section":"Shading Mode"},"sceneLighting":false,"audioPlay":false,"sceneViewState":{"showFog":true,"showMaterialUpdate":true,"showSkybox":true,"showFlares":true,"showImageEffects":true,"showParticleSystems":true},"in2DMode":false,"pivot":{"x":1.1834862232208253,"y":2.1598076820373537,"z":-6.791487216949463},"rotation":{"x":-0.4092089831829071,"y":0.3054337501525879,"z":-0.14754615724086762,"w":-0.8471270799636841},"size":28.203031539916993,"orthographic":false}