{"cameraMode":{"drawMode":0,"name":"Shaded","section":"Shading Mode"},"sceneLighting":false,"audioPlay":false,"sceneViewState":{"showFog":true,"showMaterialUpdate":true,"showSkybox":false,"showFlares":true,"showImageEffects":true,"showParticleSystems":true},"in2DMode":false,"pivot":{"x":1.876539707183838,"y":4.515056610107422,"z":-2.017442226409912},"rotation":{"x":-0.23588496446609498,"y":-0.16043423116207124,"z":0.03949900344014168,"w":-0.9576761722564697},"size":28.883493423461915,"orthographic":false}