{"cameraMode":{"drawMode":0,"name":"Shaded","section":"Shading Mode"},"sceneLighting":false,"audioPlay":false,"sceneViewState":{"showFog":true,"showMaterialUpdate":true,"showSkybox":false,"showFlares":true,"showImageEffects":true,"showParticleSystems":true},"in2DMode":false,"pivot":{"x":0.2568244934082031,"y":7.630788803100586,"z":0.9730930328369141},"rotation":{"x":-0.23588496446609498,"y":-0.16043423116207124,"z":0.03949900344014168,"w":-0.9576761722564697},"size":60.636871337890628,"orthographic":false}