{"cameraMode":{"drawMode":0,"name":"Shaded","section":"Shading Mode"},"sceneLighting":false,"audioPlay":false,"sceneViewState":{"showFog":true,"showMaterialUpdate":true,"showSkybox":true,"showFlares":true,"showImageEffects":true,"showParticleSystems":true},"in2DMode":false,"pivot":{"x":-22.419376373291017,"y":18.828567504882814,"z":-8.5236234664917},"rotation":{"x":-0.641002357006073,"y":-0.33390259742736819,"z":0.3650330603122711,"w":-0.5869765281677246},"size":119.33312225341797,"orthographic":false}